priority,wave,score,slug,basis_status,personal_fields,personal_field_count,phone_count,email_count,personal_profile_count,community_count,other_public_link_count,missing_source_ref,missing_publication_consent_ref,missing_verification_scope,reason_codes,next_action,status
P0-1,1,99,bogana,basis_review_required,chairperson;phones;emails;chairperson_links,4,1,1,1,1,0,true,true,chairperson;phones;emails;chairperson_links,source_ref_missing;publication_consent_ref_missing;personal_profile_published;phone_published;email_published;verification_scope_incomplete,classify_channels_and_confirm_publication_scope,pending_external_confirmation
P0-1,1,99,mahrovka,basis_review_required,chairperson;phones;emails;chairperson_links,4,1,1,1,1,0,true,true,chairperson;phones;emails;chairperson_links,source_ref_missing;publication_consent_ref_missing;personal_profile_published;phone_published;email_published;verification_scope_incomplete,classify_channels_and_confirm_publication_scope,pending_external_confirmation
P0-1,1,99,pobeda,basis_review_required,chairperson;phones;emails;chairperson_links,4,1,1,1,1,0,true,true,chairperson;phones;emails;chairperson_links,source_ref_missing;publication_consent_ref_missing;personal_profile_published;phone_published;email_published;verification_scope_incomplete,classify_channels_and_confirm_publication_scope,pending_external_confirmation
P0-1,1,99,ulyanovka,basis_review_required,chairperson;phones;emails;chairperson_links,4,1,1,1,1,0,true,true,chairperson;phones;emails;chairperson_links,source_ref_missing;publication_consent_ref_missing;personal_profile_published;phone_published;email_published;verification_scope_incomplete,classify_channels_and_confirm_publication_scope,pending_external_confirmation
P0-1,1,99,vostochnyy,basis_review_required,chairperson;phones;emails;chairperson_links,4,1,1,1,1,0,true,true,chairperson;phones;emails;chairperson_links,source_ref_missing;publication_consent_ref_missing;personal_profile_published;phone_published;email_published;verification_scope_incomplete,classify_channels_and_confirm_publication_scope,pending_external_confirmation
P0-1,1,81,ipas,basis_review_required,chairperson;phones;social_links,3,1,0,1,0,0,true,true,chairperson;phones;social_links,source_ref_missing;publication_consent_ref_missing;personal_profile_published;phone_published;verification_scope_incomplete,classify_channels_and_confirm_publication_scope,pending_external_confirmation
P0-1,1,81,mayak,basis_review_required,chairperson;phones;social_links,3,1,0,1,0,0,true,true,chairperson;phones;social_links,source_ref_missing;publication_consent_ref_missing;personal_profile_published;phone_published;verification_scope_incomplete,classify_channels_and_confirm_publication_scope,pending_external_confirmation
P0-1,1,81,mechta,basis_review_required,chairperson;phones;social_links,3,1,0,1,0,0,true,true,chairperson;phones;social_links,source_ref_missing;publication_consent_ref_missing;personal_profile_published;phone_published;verification_scope_incomplete,classify_channels_and_confirm_publication_scope,pending_external_confirmation
P0-1,1,81,mirolyubie,basis_review_required,chairperson;phones;chairperson_links,3,1,0,1,2,0,true,true,chairperson;phones;chairperson_links,source_ref_missing;publication_consent_ref_missing;personal_profile_published;phone_published;verification_scope_incomplete,classify_channels_and_confirm_publication_scope,pending_external_confirmation
P0-1,1,81,pervomayskiy,basis_review_required,chairperson;phones;social_links,3,1,0,1,0,0,true,true,chairperson;phones;social_links,source_ref_missing;publication_consent_ref_missing;personal_profile_published;phone_published;verification_scope_incomplete,classify_channels_and_confirm_publication_scope,pending_external_confirmation
P0-1,1,81,port-artur,basis_review_required,chairperson;phones;social_links,3,1,0,1,0,0,true,true,chairperson;phones;social_links,source_ref_missing;publication_consent_ref_missing;personal_profile_published;phone_published;verification_scope_incomplete,classify_channels_and_confirm_publication_scope,pending_external_confirmation
P0-1,1,81,uyutnyy,basis_review_required,chairperson;phones;chairperson_links,3,1,0,0,0,2,true,true,chairperson;phones;chairperson_links,source_ref_missing;publication_consent_ref_missing;phone_published;link_classification_required;verification_scope_incomplete,classify_channels_and_confirm_publication_scope,pending_external_confirmation
P0-1,1,76,severnyy-39,basis_review_required,chairperson;phones;emails,3,1,1,0,1,0,true,true,chairperson;phones;emails,source_ref_missing;publication_consent_ref_missing;phone_published;email_published;verification_scope_incomplete,classify_channels_and_confirm_publication_scope,pending_external_confirmation
P0-2,2,63,gubari,basis_review_required,chairperson;emails,2,0,1,0,1,0,true,true,chairperson;emails,source_ref_missing;publication_consent_ref_missing;email_published;verification_scope_incomplete,confirm_contact_publication_scope,pending_external_confirmation
P0-2,2,63,tancyrey,basis_review_required,chairperson;emails,2,0,1,0,1,0,true,true,chairperson;emails,source_ref_missing;publication_consent_ref_missing;email_published;verification_scope_incomplete,confirm_contact_publication_scope,pending_external_confirmation
P0-2,2,58,chkalovec,basis_review_required,chairperson;phones,2,1,0,0,1,0,true,true,chairperson;phones,source_ref_missing;publication_consent_ref_missing;phone_published;verification_scope_incomplete,confirm_contact_publication_scope,pending_external_confirmation
P0-2,2,58,dzerzhinskogo,basis_review_required,chairperson;phones,2,1,0,0,0,0,true,true,chairperson;phones,source_ref_missing;publication_consent_ref_missing;phone_published;verification_scope_incomplete,confirm_contact_publication_scope,pending_external_confirmation
P0-2,2,58,kalinka,basis_review_required,chairperson;phones,2,1,0,0,0,0,true,true,chairperson;phones,source_ref_missing;publication_consent_ref_missing;phone_published;verification_scope_incomplete,confirm_contact_publication_scope,pending_external_confirmation
P0-2,2,58,petrovskoe,basis_review_required,chairperson;phones,2,1,0,0,1,0,true,true,chairperson;phones,source_ref_missing;publication_consent_ref_missing;phone_published;verification_scope_incomplete,confirm_contact_publication_scope,pending_external_confirmation
P0-2,2,58,prostornyy,basis_review_required,chairperson;phones,2,1,0,0,2,0,true,true,chairperson;phones,source_ref_missing;publication_consent_ref_missing;phone_published;verification_scope_incomplete,confirm_contact_publication_scope,pending_external_confirmation
P0-2,2,58,tretyaki,basis_review_required,chairperson;phones,2,1,0,0,1,0,true,true,chairperson;phones,source_ref_missing;publication_consent_ref_missing;phone_published;verification_scope_incomplete,confirm_contact_publication_scope,pending_external_confirmation
P0-2,2,58,znamenie,basis_review_required,chairperson;phones,2,1,0,0,1,0,true,true,chairperson;phones,source_ref_missing;publication_consent_ref_missing;phone_published;verification_scope_incomplete,confirm_contact_publication_scope,pending_external_confirmation
P0-3,3,45,ivanovka,basis_review_required,chairperson,1,0,0,0,0,0,true,true,chairperson,source_ref_missing;publication_consent_ref_missing;verification_scope_incomplete,confirm_chairperson_name_publication,pending_external_confirmation
P0-3,3,45,podstepki,basis_review_required,chairperson,1,0,0,0,0,0,true,true,chairperson,source_ref_missing;publication_consent_ref_missing;verification_scope_incomplete,confirm_chairperson_name_publication,pending_external_confirmation
